<annotation verified="yes">
	<folder>train</folder>
	<filename>p02.jpeg</filename>
	<path>/home/pi/computer-vision/train/p02.jpeg</path>
	<source>
		<database>Unknown</database>
	</source>
	<size>
		<width>720</width>
		<height>590</height>
		<depth>3</depth>
	</size>
	<segmented>0</segmented>
	<object>
		<name>face</name>
		<pose>Unspecified</pose>
		<truncated>0</truncated>
		<difficult>0</difficult>
		<bndbox>
			<xmin>343</xmin>
			<ymin>48</ymin>
			<xmax>479</xmax>
			<ymax>213</ymax>
		</bndbox>
	</object>
</annotation>
