<annotation verified="yes">
	<folder>train</folder>
	<filename>p04.jpeg</filename>
	<path>/home/pi/computer-vision/train/p04.jpeg</path>
	<source>
		<database>Unknown</database>
	</source>
	<size>
		<width>355</width>
		<height>495</height>
		<depth>3</depth>
	</size>
	<segmented>0</segmented>
	<object>
		<name>face</name>
		<pose>Unspecified</pose>
		<truncated>0</truncated>
		<difficult>0</difficult>
		<bndbox>
			<xmin>90</xmin>
			<ymin>149</ymin>
			<xmax>129</xmax>
			<ymax>200</ymax>
		</bndbox>
	</object>
</annotation>
