<annotation verified="yes">
	<folder>train</folder>
	<filename>p06.jpeg</filename>
	<path>/home/pi/computer-vision/train/p06.jpeg</path>
	<source>
		<database>Unknown</database>
	</source>
	<size>
		<width>1200</width>
		<height>800</height>
		<depth>3</depth>
	</size>
	<segmented>0</segmented>
	<object>
		<name>face</name>
		<pose>Unspecified</pose>
		<truncated>0</truncated>
		<difficult>0</difficult>
		<bndbox>
			<xmin>554</xmin>
			<ymin>139</ymin>
			<xmax>723</xmax>
			<ymax>337</ymax>
		</bndbox>
	</object>
	<object>
		<name>face</name>
		<pose>Unspecified</pose>
		<truncated>0</truncated>
		<difficult>0</difficult>
		<bndbox>
			<xmin>722</xmin>
			<ymin>176</ymin>
			<xmax>858</xmax>
			<ymax>332</ymax>
		</bndbox>
	</object>
</annotation>
