<annotation verified="yes">
	<folder>train</folder>
	<filename>p07.jpeg</filename>
	<path>/home/pi/computer-vision/train/p07.jpeg</path>
	<source>
		<database>Unknown</database>
	</source>
	<size>
		<width>275</width>
		<height>183</height>
		<depth>3</depth>
	</size>
	<segmented>0</segmented>
	<object>
		<name>face</name>
		<pose>Unspecified</pose>
		<truncated>0</truncated>
		<difficult>0</difficult>
		<bndbox>
			<xmin>126</xmin>
			<ymin>10</ymin>
			<xmax>187</xmax>
			<ymax>82</ymax>
		</bndbox>
	</object>
</annotation>
