<annotation verified="yes">
	<folder>train</folder>
	<filename>p08.jpeg</filename>
	<path>/home/pi/computer-vision/train/p08.jpeg</path>
	<source>
		<database>Unknown</database>
	</source>
	<size>
		<width>2048</width>
		<height>1365</height>
		<depth>3</depth>
	</size>
	<segmented>0</segmented>
	<object>
		<name>face</name>
		<pose>Unspecified</pose>
		<truncated>0</truncated>
		<difficult>0</difficult>
		<bndbox>
			<xmin>1110</xmin>
			<ymin>241</ymin>
			<xmax>1424</xmax>
			<ymax>662</ymax>
		</bndbox>
	</object>
</annotation>
