<annotation verified="yes">
	<folder>train</folder>
	<filename>p09.jpeg</filename>
	<path>/home/pi/computer-vision/train/p09.jpeg</path>
	<source>
		<database>Unknown</database>
	</source>
	<size>
		<width>201</width>
		<height>251</height>
		<depth>3</depth>
	</size>
	<segmented>0</segmented>
	<object>
		<name>face</name>
		<pose>Unspecified</pose>
		<truncated>0</truncated>
		<difficult>0</difficult>
		<bndbox>
			<xmin>39</xmin>
			<ymin>24</ymin>
			<xmax>135</xmax>
			<ymax>139</ymax>
		</bndbox>
	</object>
</annotation>
