<annotation verified="yes">
	<folder>train</folder>
	<filename>p10.jpeg</filename>
	<path>/home/pi/computer-vision/train/p10.jpeg</path>
	<source>
		<database>Unknown</database>
	</source>
	<size>
		<width>1600</width>
		<height>900</height>
		<depth>3</depth>
	</size>
	<segmented>0</segmented>
	<object>
		<name>face</name>
		<pose>Unspecified</pose>
		<truncated>0</truncated>
		<difficult>0</difficult>
		<bndbox>
			<xmin>508</xmin>
			<ymin>53</ymin>
			<xmax>1005</xmax>
			<ymax>619</ymax>
		</bndbox>
	</object>
</annotation>
