<annotation verified="yes">
	<folder>train</folder>
	<filename>p12.jpeg</filename>
	<path>/home/pi/computer-vision/train/p12.jpeg</path>
	<source>
		<database>Unknown</database>
	</source>
	<size>
		<width>456</width>
		<height>294</height>
		<depth>3</depth>
	</size>
	<segmented>0</segmented>
	<object>
		<name>face</name>
		<pose>Unspecified</pose>
		<truncated>0</truncated>
		<difficult>0</difficult>
		<bndbox>
			<xmin>6</xmin>
			<ymin>26</ymin>
			<xmax>86</xmax>
			<ymax>130</ymax>
		</bndbox>
	</object>
	<object>
		<name>face</name>
		<pose>Unspecified</pose>
		<truncated>0</truncated>
		<difficult>0</difficult>
		<bndbox>
			<xmin>80</xmin>
			<ymin>30</ymin>
			<xmax>152</xmax>
			<ymax>128</ymax>
		</bndbox>
	</object>
	<object>
		<name>face</name>
		<pose>Unspecified</pose>
		<truncated>0</truncated>
		<difficult>0</difficult>
		<bndbox>
			<xmin>155</xmin>
			<ymin>83</ymin>
			<xmax>223</xmax>
			<ymax>159</ymax>
		</bndbox>
	</object>
	<object>
		<name>face</name>
		<pose>Unspecified</pose>
		<truncated>0</truncated>
		<difficult>0</difficult>
		<bndbox>
			<xmin>221</xmin>
			<ymin>69</ymin>
			<xmax>292</xmax>
			<ymax>151</ymax>
		</bndbox>
	</object>
	<object>
		<name>face</name>
		<pose>Unspecified</pose>
		<truncated>0</truncated>
		<difficult>0</difficult>
		<bndbox>
			<xmin>284</xmin>
			<ymin>35</ymin>
			<xmax>370</xmax>
			<ymax>134</ymax>
		</bndbox>
	</object>
	<object>
		<name>face</name>
		<pose>Unspecified</pose>
		<truncated>1</truncated>
		<difficult>0</difficult>
		<bndbox>
			<xmin>371</xmin>
			<ymin>40</ymin>
			<xmax>456</xmax>
			<ymax>142</ymax>
		</bndbox>
	</object>
</annotation>
