<annotation verified="yes">
	<folder>train</folder>
	<filename>p15.jpg</filename>
	<path>/home/pi/computer-vision/train/p15.jpg</path>
	<source>
		<database>Unknown</database>
	</source>
	<size>
		<width>888</width>
		<height>498</height>
		<depth>3</depth>
	</size>
	<segmented>0</segmented>
	<object>
		<name>face</name>
		<pose>Unspecified</pose>
		<truncated>0</truncated>
		<difficult>0</difficult>
		<bndbox>
			<xmin>529</xmin>
			<ymin>13</ymin>
			<xmax>696</xmax>
			<ymax>257</ymax>
		</bndbox>
	</object>
</annotation>
