<annotation verified="yes">
	<folder>train</folder>
	<filename>p18.jpeg</filename>
	<path>/home/pi/computer-vision/train/p18.jpeg</path>
	<source>
		<database>Unknown</database>
	</source>
	<size>
		<width>630</width>
		<height>630</height>
		<depth>3</depth>
	</size>
	<segmented>0</segmented>
	<object>
		<name>face</name>
		<pose>Unspecified</pose>
		<truncated>0</truncated>
		<difficult>0</difficult>
		<bndbox>
			<xmin>181</xmin>
			<ymin>88</ymin>
			<xmax>458</xmax>
			<ymax>461</ymax>
		</bndbox>
	</object>
</annotation>
