<annotation verified="yes">
	<folder>train</folder>
	<filename>p23.jpeg</filename>
	<path>/home/pi/computer-vision/train/p23.jpeg</path>
	<source>
		<database>Unknown</database>
	</source>
	<size>
		<width>900</width>
		<height>600</height>
		<depth>3</depth>
	</size>
	<segmented>0</segmented>
	<object>
		<name>face</name>
		<pose>Unspecified</pose>
		<truncated>0</truncated>
		<difficult>0</difficult>
		<bndbox>
			<xmin>328</xmin>
			<ymin>157</ymin>
			<xmax>421</xmax>
			<ymax>284</ymax>
		</bndbox>
	</object>
	<object>
		<name>face</name>
		<pose>Unspecified</pose>
		<truncated>0</truncated>
		<difficult>0</difficult>
		<bndbox>
			<xmin>615</xmin>
			<ymin>47</ymin>
			<xmax>726</xmax>
			<ymax>174</ymax>
		</bndbox>
	</object>
</annotation>
