<annotation verified="yes">
	<folder>train</folder>
	<filename>p24.jpeg</filename>
	<path>/home/pi/computer-vision/train/p24.jpeg</path>
	<source>
		<database>Unknown</database>
	</source>
	<size>
		<width>612</width>
		<height>408</height>
		<depth>3</depth>
	</size>
	<segmented>0</segmented>
	<object>
		<name>face</name>
		<pose>Unspecified</pose>
		<truncated>0</truncated>
		<difficult>0</difficult>
		<bndbox>
			<xmin>243</xmin>
			<ymin>72</ymin>
			<xmax>321</xmax>
			<ymax>155</ymax>
		</bndbox>
	</object>
	<object>
		<name>face</name>
		<pose>Unspecified</pose>
		<truncated>0</truncated>
		<difficult>0</difficult>
		<bndbox>
			<xmin>318</xmin>
			<ymin>94</ymin>
			<xmax>392</xmax>
			<ymax>168</ymax>
		</bndbox>
	</object>
	<object>
		<name>face</name>
		<pose>Unspecified</pose>
		<truncated>0</truncated>
		<difficult>0</difficult>
		<bndbox>
			<xmin>423</xmin>
			<ymin>76</ymin>
			<xmax>495</xmax>
			<ymax>166</ymax>
		</bndbox>
	</object>
</annotation>
