<annotation verified="yes">
	<folder>train</folder>
	<filename>p25.jpeg</filename>
	<path>/home/pi/computer-vision/train/p25.jpeg</path>
	<source>
		<database>Unknown</database>
	</source>
	<size>
		<width>500</width>
		<height>344</height>
		<depth>3</depth>
	</size>
	<segmented>0</segmented>
	<object>
		<name>face</name>
		<pose>Unspecified</pose>
		<truncated>0</truncated>
		<difficult>0</difficult>
		<bndbox>
			<xmin>136</xmin>
			<ymin>34</ymin>
			<xmax>260</xmax>
			<ymax>184</ymax>
		</bndbox>
	</object>
	<object>
		<name>face</name>
		<pose>Unspecified</pose>
		<truncated>0</truncated>
		<difficult>0</difficult>
		<bndbox>
			<xmin>251</xmin>
			<ymin>65</ymin>
			<xmax>386</xmax>
			<ymax>211</ymax>
		</bndbox>
	</object>
</annotation>
