<annotation verified="yes">
	<folder>train</folder>
	<filename>p26.jpg</filename>
	<path>/home/pi/computer-vision/train/p26.jpg</path>
	<source>
		<database>Unknown</database>
	</source>
	<size>
		<width>768</width>
		<height>461</height>
		<depth>3</depth>
	</size>
	<segmented>0</segmented>
	<object>
		<name>face</name>
		<pose>Unspecified</pose>
		<truncated>0</truncated>
		<difficult>0</difficult>
		<bndbox>
			<xmin>342</xmin>
			<ymin>96</ymin>
			<xmax>576</xmax>
			<ymax>403</ymax>
		</bndbox>
	</object>
</annotation>
