<annotation verified="yes">
	<folder>train</folder>
	<filename>p27.jpeg</filename>
	<path>/home/pi/computer-vision/train/p27.jpeg</path>
	<source>
		<database>Unknown</database>
	</source>
	<size>
		<width>1140</width>
		<height>700</height>
		<depth>3</depth>
	</size>
	<segmented>0</segmented>
	<object>
		<name>face</name>
		<pose>Unspecified</pose>
		<truncated>0</truncated>
		<difficult>0</difficult>
		<bndbox>
			<xmin>374</xmin>
			<ymin>74</ymin>
			<xmax>694</xmax>
			<ymax>416</ymax>
		</bndbox>
	</object>
</annotation>
