<annotation verified="yes">
	<folder>train</folder>
	<filename>p28.jpeg</filename>
	<path>/home/pi/computer-vision/train/p28.jpeg</path>
	<source>
		<database>Unknown</database>
	</source>
	<size>
		<width>279</width>
		<height>181</height>
		<depth>3</depth>
	</size>
	<segmented>0</segmented>
	<object>
		<name>face</name>
		<pose>Unspecified</pose>
		<truncated>0</truncated>
		<difficult>0</difficult>
		<bndbox>
			<xmin>146</xmin>
			<ymin>37</ymin>
			<xmax>201</xmax>
			<ymax>94</ymax>
		</bndbox>
	</object>
	<object>
		<name>face</name>
		<pose>Unspecified</pose>
		<truncated>0</truncated>
		<difficult>0</difficult>
		<bndbox>
			<xmin>49</xmin>
			<ymin>29</ymin>
			<xmax>116</xmax>
			<ymax>95</ymax>
		</bndbox>
	</object>
</annotation>
