<annotation verified="yes">
	<folder>train</folder>
	<filename>p30.jpeg</filename>
	<path>/home/pi/computer-vision/train/p30.jpeg</path>
	<source>
		<database>Unknown</database>
	</source>
	<size>
		<width>1242</width>
		<height>840</height>
		<depth>3</depth>
	</size>
	<segmented>0</segmented>
	<object>
		<name>face</name>
		<pose>Unspecified</pose>
		<truncated>0</truncated>
		<difficult>0</difficult>
		<bndbox>
			<xmin>391</xmin>
			<ymin>97</ymin>
			<xmax>647</xmax>
			<ymax>380</ymax>
		</bndbox>
	</object>
	<object>
		<name>face</name>
		<pose>Unspecified</pose>
		<truncated>0</truncated>
		<difficult>0</difficult>
		<bndbox>
			<xmin>677</xmin>
			<ymin>203</ymin>
			<xmax>912</xmax>
			<ymax>451</ymax>
		</bndbox>
	</object>
</annotation>
