<annotation verified="yes">
	<folder>train</folder>
	<filename>p31.jpeg</filename>
	<path>/home/pi/computer-vision/train/p31.jpeg</path>
	<source>
		<database>Unknown</database>
	</source>
	<size>
		<width>1200</width>
		<height>628</height>
		<depth>3</depth>
	</size>
	<segmented>0</segmented>
	<object>
		<name>face</name>
		<pose>Unspecified</pose>
		<truncated>0</truncated>
		<difficult>0</difficult>
		<bndbox>
			<xmin>205</xmin>
			<ymin>54</ymin>
			<xmax>402</xmax>
			<ymax>247</ymax>
		</bndbox>
	</object>
	<object>
		<name>face</name>
		<pose>Unspecified</pose>
		<truncated>0</truncated>
		<difficult>0</difficult>
		<bndbox>
			<xmin>846</xmin>
			<ymin>34</ymin>
			<xmax>1011</xmax>
			<ymax>198</ymax>
		</bndbox>
	</object>
</annotation>
