<annotation verified="yes">
	<folder>train</folder>
	<filename>p35.jpeg</filename>
	<path>/home/pi/computer-vision/train/p35.jpeg</path>
	<source>
		<database>Unknown</database>
	</source>
	<size>
		<width>321</width>
		<height>157</height>
		<depth>3</depth>
	</size>
	<segmented>0</segmented>
	<object>
		<name>face</name>
		<pose>Unspecified</pose>
		<truncated>0</truncated>
		<difficult>0</difficult>
		<bndbox>
			<xmin>75</xmin>
			<ymin>9</ymin>
			<xmax>130</xmax>
			<ymax>76</ymax>
		</bndbox>
	</object>
	<object>
		<name>face</name>
		<pose>Unspecified</pose>
		<truncated>0</truncated>
		<difficult>0</difficult>
		<bndbox>
			<xmin>196</xmin>
			<ymin>21</ymin>
			<xmax>262</xmax>
			<ymax>95</ymax>
		</bndbox>
	</object>
</annotation>
