<annotation verified="yes">
	<folder>train</folder>
	<filename>p36.jpeg</filename>
	<path>/home/pi/computer-vision/train/p36.jpeg</path>
	<source>
		<database>Unknown</database>
	</source>
	<size>
		<width>266</width>
		<height>190</height>
		<depth>3</depth>
	</size>
	<segmented>0</segmented>
	<object>
		<name>face</name>
		<pose>Unspecified</pose>
		<truncated>0</truncated>
		<difficult>0</difficult>
		<bndbox>
			<xmin>63</xmin>
			<ymin>15</ymin>
			<xmax>204</xmax>
			<ymax>188</ymax>
		</bndbox>
	</object>
</annotation>
