<annotation verified="yes">
	<folder>train</folder>
	<filename>p37.jpeg</filename>
	<path>/home/pi/computer-vision/train/p37.jpeg</path>
	<source>
		<database>Unknown</database>
	</source>
	<size>
		<width>225</width>
		<height>225</height>
		<depth>3</depth>
	</size>
	<segmented>0</segmented>
	<object>
		<name>face</name>
		<pose>Unspecified</pose>
		<truncated>0</truncated>
		<difficult>0</difficult>
		<bndbox>
			<xmin>44</xmin>
			<ymin>17</ymin>
			<xmax>186</xmax>
			<ymax>169</ymax>
		</bndbox>
	</object>
</annotation>
