<annotation verified="yes">
	<folder>train</folder>
	<filename>p38.jpg</filename>
	<path>/home/pi/computer-vision/train/p38.jpg</path>
	<source>
		<database>Unknown</database>
	</source>
	<size>
		<width>1200</width>
		<height>675</height>
		<depth>3</depth>
	</size>
	<segmented>0</segmented>
	<object>
		<name>face</name>
		<pose>Unspecified</pose>
		<truncated>0</truncated>
		<difficult>0</difficult>
		<bndbox>
			<xmin>498</xmin>
			<ymin>110</ymin>
			<xmax>751</xmax>
			<ymax>377</ymax>
		</bndbox>
	</object>
</annotation>
