<annotation verified="yes">
	<folder>train</folder>
	<filename>p39.jpeg</filename>
	<path>/home/pi/computer-vision/train/p39.jpeg</path>
	<source>
		<database>Unknown</database>
	</source>
	<size>
		<width>300</width>
		<height>168</height>
		<depth>3</depth>
	</size>
	<segmented>0</segmented>
	<object>
		<name>face</name>
		<pose>Unspecified</pose>
		<truncated>0</truncated>
		<difficult>0</difficult>
		<bndbox>
			<xmin>133</xmin>
			<ymin>32</ymin>
			<xmax>199</xmax>
			<ymax>120</ymax>
		</bndbox>
	</object>
</annotation>
