<annotation verified="yes">
	<folder>train</folder>
	<filename>p40.jpeg</filename>
	<path>/home/pi/computer-vision/train/p40.jpeg</path>
	<source>
		<database>Unknown</database>
	</source>
	<size>
		<width>300</width>
		<height>168</height>
		<depth>3</depth>
	</size>
	<segmented>0</segmented>
	<object>
		<name>face</name>
		<pose>Unspecified</pose>
		<truncated>0</truncated>
		<difficult>0</difficult>
		<bndbox>
			<xmin>187</xmin>
			<ymin>27</ymin>
			<xmax>239</xmax>
			<ymax>89</ymax>
		</bndbox>
	</object>
</annotation>
